Code;Nom;CodeMethode
fbf4f3b5-db2a-4706-8af5-e46491699e63;ChaineE;e0b70066-aa90-4e59-b981-9e5f76ae265c
e953996e-8cbe-46d5-beb6-082e9af2d932;UneChaine;dc38f9c1-e4c9-4cd2-a297-ee5babfa9bc6
23d5c962-0bb8-4889-a05a-c443450feee1;ChaineCrayons;3f45fa58-3d3c-4612-b0c0-ea6b47691d71
6d0e25d8-1c86-4552-8302-9a3f835c2c08;ChainePlay;531b0fb3-1c48-4299-90e5-cf841d40d29b
2a0197ef-ac44-43ca-99a5-f2ea16c6e8ea;Chaine prod nulle;606f119e-51d6-4ea4-a913-0bcc4d84f86b
770e8301-efb3-4739-a2a8-36ad0e7e26a5;Chaine;e0b70066-aa90-4e59-b981-9e5f76ae265c
d80bf750-9a2d-4b32-8fd6-9ffff89e3dce;Chaine hélicos;00e30301-f7e3-4ca6-8d2b-fda099527e1f
c4a825eb-4d1e-47f8-9eb0-f629cf98cd5f;Drones;dc38f9c1-e4c9-4cd2-a297-ee5babfa9bc6
9f2366eb-bfe8-4e94-9717-14e5a68b768d;Nom;00e30301-f7e3-4ca6-8d2b-fda099527e1f
5e8c3b03-ab1f-4c17-9dd3-8b35bc072c0b;Alex;531b0fb3-1c48-4299-90e5-cf841d40d29b
