idTest;nomTest;idChaine;dateTest;idResultat
a458f28d-5507-4392-8cb8-552f18485e7b;TestQuiMarche;2a0197ef-ac44-43ca-99a5-f2ea16c6e8ea;23/04/19;c7cddd64-8847-4c1b-b84d-01ff835d2eaf
44e035ed-af0b-4053-a6dc-8d9341564733;NouvTest;770e8301-efb3-4739-a2a8-36ad0e7e26a5;25/04/19;bca3543c-fd75-4215-822d-e66883318bc7
d8132733-f832-4f8e-8994-d488c4c740a7;AutreTest;23d5c962-0bb8-4889-a05a-c443450feee1;25/04/19;015c92af-1c4f-4218-8f2f-1dfa4b946e3d
c653e4d8-c881-46fa-be1b-8654532f788f;UnTest;6d0e25d8-1c86-4552-8302-9a3f835c2c08;02/05/19;a3e05aca-a6ae-4824-b00d-f0d5b8ea13e9
6e9c1ae8-41ae-435f-88b9-e01ac79fed19;TestCrayons;23d5c962-0bb8-4889-a05a-c443450feee1;02/05/19;ef239948-f2e4-44fe-b143-400a82729e5e
c25e169c-73f9-48ea-a8e2-e9c72ebf674a;TestFac;6d0e25d8-1c86-4552-8302-9a3f835c2c08;03/05/19;35dafd46-562d-4d90-8686-2e7c84a4e4be
e5db0a00-0179-4b37-83f0-23216891fc74;UnuTestAvecUnNomSuperLonnnnnng;770e8301-efb3-4739-a2a8-36ad0e7e26a5;04/05/19;b01a79e3-0bd5-4a7b-93f7-ecf01644fccb
10994279-667a-48ff-a7a7-a9a3e9a7d720;TestAstrid;6d0e25d8-1c86-4552-8302-9a3f835c2c08;04/05/19;79abe35f-9562-49b4-8560-e36dafacd8e3
cbc6905d-a854-4ceb-8ee5-f1de8ee8abca;Test Prod hélicos;d80bf750-9a2d-4b32-8fd6-9ffff89e3dce;05/05/19;dc11f01b-7d64-4241-9ba6-4f351036de7a
